DATE_AS_AT,STATE,SA4_CODE,SA4_NAME,AGE_LOWER,AGE_UPPER,AIR_SA4_FIRST_DOSE_PCT,AIR_SA4_SECOND_DOSE_PCT,AIR_SA4_FIRST_DOSE_APPROX_COUNT,AIR_SA4_SECOND_DOSE_APPROX_COUNT,ABS_ERP_2019_POPULATION,VALIDATED,URL
2021-08-01,ACT,801,Australian Capital Territory,15,999,46.8,22.7,161612,78389,345325,Y,https://www.health.gov.au/sites/default/files/documents/2021/08/covid-19-vaccination-geographic-vaccination-rates-2-august-2021.pdf
2021-08-01,NSW,101,Capital Region,15,999,46.8,17.9,88116,33703,188283,Y,https://www.health.gov.au/sites/default/files/documents/2021/08/covid-19-vaccination-geographic-vaccination-rates-2-august-2021.pdf
2021-08-01,NSW,102,Central Coast,15,999,45,19.6,125784,54786,279520,Y,https://www.health.gov.au/sites/default/files/documents/2021/08/covid-19-vaccination-geographic-vaccination-rates-2-august-2021.pdf
2021-08-01,NSW,103,Central West,15,999,40.4,16.7,68900,28481,170545,Y,https://www.health.gov.au/sites/default/files/documents/2021/08/covid-19-vaccination-geographic-vaccination-rates-2-august-2021.pdf
2021-08-01,NSW,104,Coffs Harbour - Grafton,15,999,41.7,14.6,48530,16991,116379,Y,https://www.health.gov.au/sites/default/files/documents/2021/08/covid-19-vaccination-geographic-vaccination-rates-2-august-2021.pdf
2021-08-01,NSW,105,Far West and Orana,15,999,34.1,13.4,31609,12421,92695,Y,https://www.health.gov.au/sites/default/files/documents/2021/08/covid-19-vaccination-geographic-vaccination-rates-2-august-2021.pdf
2021-08-01,NSW,106,Hunter Valley exc Newcastle,15,999,37.5,14.1,83856,31530,223616,Y,https://www.health.gov.au/sites/default/files/documents/2021/08/covid-19-vaccination-geographic-vaccination-rates-2-august-2021.pdf
2021-08-01,NSW,107,Illawarra,15,999,42.6,21.3,109560,54780,257183,Y,https://www.health.gov.au/sites/default/files/documents/2021/08/covid-19-vaccination-geographic-vaccination-rates-2-august-2021.pdf
2021-08-01,NSW,108,Mid North Coast,15,999,45.5,17.5,84357,32445,185401,Y,https://www.health.gov.au/sites/default/files/documents/2021/08/covid-19-vaccination-geographic-vaccination-rates-2-august-2021.pdf
2021-08-01,NSW,109,Murray,15,999,45,16.7,44095,16364,97988,Y,https://www.health.gov.au/sites/default/files/documents/2021/08/covid-19-vaccination-geographic-vaccination-rates-2-august-2021.pdf
2021-08-01,NSW,110,New England and North West,15,999,38.2,15.1,57258,22633,149890,Y,https://www.health.gov.au/sites/default/files/documents/2021/08/covid-19-vaccination-geographic-vaccination-rates-2-august-2021.pdf
2021-08-01,NSW,111,Newcastle and Lake Macquarie,15,999,41.3,17.7,128230,54956,310484,Y,https://www.health.gov.au/sites/default/files/documents/2021/08/covid-19-vaccination-geographic-vaccination-rates-2-august-2021.pdf
2021-08-01,NSW,112,Richmond - Tweed,15,999,39.7,17.2,82763,35857,208471,Y,https://www.health.gov.au/sites/default/files/documents/2021/08/covid-19-vaccination-geographic-vaccination-rates-2-august-2021.pdf
2021-08-01,NSW,113,Riverina,15,999,43.5,18.7,56112,24122,128994,Y,https://www.health.gov.au/sites/default/files/documents/2021/08/covid-19-vaccination-geographic-vaccination-rates-2-august-2021.pdf
2021-08-01,NSW,114,Southern Highlands and Shoalhaven,15,999,50.5,22,65543,28554,129789,Y,https://www.health.gov.au/sites/default/files/documents/2021/08/covid-19-vaccination-geographic-vaccination-rates-2-august-2021.pdf
2021-08-01,NSW,115,Sydney - Baulkham Hills and Hawkesbury,15,999,49.8,25.5,99464,50930,199726,Y,https://www.health.gov.au/sites/default/files/documents/2021/08/covid-19-vaccination-geographic-vaccination-rates-2-august-2021.pdf
2021-08-01,NSW,116,Sydney - Blacktown,15,999,39.7,19.8,115749,57729,291560,Y,https://www.health.gov.au/sites/default/files/documents/2021/08/covid-19-vaccination-geographic-vaccination-rates-2-august-2021.pdf
2021-08-01,NSW,117,Sydney - City and Inner South,15,999,36.2,19.7,120657,65662,333308,Y,https://www.health.gov.au/sites/default/files/documents/2021/08/covid-19-vaccination-geographic-vaccination-rates-2-august-2021.pdf
2021-08-01,NSW,118,Sydney - Eastern Suburbs,15,999,44.8,23.9,112530,60033,251184,Y,https://www.health.gov.au/sites/default/files/documents/2021/08/covid-19-vaccination-geographic-vaccination-rates-2-august-2021.pdf
2021-08-01,NSW,119,Sydney - Inner South West,15,999,33.5,16.1,171705,82521,512553,Y,https://www.health.gov.au/sites/default/files/documents/2021/08/covid-19-vaccination-geographic-vaccination-rates-2-august-2021.pdf
2021-08-01,NSW,120,Sydney - Inner West,15,999,42.4,22.8,116472,62631,274697,Y,https://www.health.gov.au/sites/default/files/documents/2021/08/covid-19-vaccination-geographic-vaccination-rates-2-august-2021.pdf
2021-08-01,NSW,121,Sydney - North Sydney and Hornsby,15,999,51.9,26.9,187102,96976,360504,Y,https://www.health.gov.au/sites/default/files/documents/2021/08/covid-19-vaccination-geographic-vaccination-rates-2-august-2021.pdf
2021-08-01,NSW,122,Sydney - Northern Beaches,15,999,47.7,20.9,105529,46238,221234,Y,https://www.health.gov.au/sites/default/files/documents/2021/08/covid-19-vaccination-geographic-vaccination-rates-2-august-2021.pdf
2021-08-01,NSW,123,Sydney - Outer South West,15,999,38.7,17.8,87038,40033,224905,Y,https://www.health.gov.au/sites/default/files/documents/2021/08/covid-19-vaccination-geographic-vaccination-rates-2-august-2021.pdf
2021-08-01,NSW,124,Sydney - Outer West and Blue Mountains,15,999,39.1,17.9,101938,46667,260710,Y,https://www.health.gov.au/sites/default/files/documents/2021/08/covid-19-vaccination-geographic-vaccination-rates-2-august-2021.pdf
2021-08-01,NSW,125,Sydney - Parramatta,15,999,35.1,17.7,141858,71535,404153,Y,https://www.health.gov.au/sites/default/files/documents/2021/08/covid-19-vaccination-geographic-vaccination-rates-2-august-2021.pdf
2021-08-01,NSW,126,Sydney - Ryde,15,999,45.7,23.3,77831,39682,170309,Y,https://www.health.gov.au/sites/default/files/documents/2021/08/covid-19-vaccination-geographic-vaccination-rates-2-august-2021.pdf
2021-08-01,NSW,127,Sydney - South West,15,999,33.1,14.6,118942,52464,359341,Y,https://www.health.gov.au/sites/default/files/documents/2021/08/covid-19-vaccination-geographic-vaccination-rates-2-august-2021.pdf
2021-08-01,NSW,128,Sydney - Sutherland,15,999,48.9,22.5,91265,41993,186637,Y,https://www.health.gov.au/sites/default/files/documents/2021/08/covid-19-vaccination-geographic-vaccination-rates-2-august-2021.pdf
2021-08-01,NT,701,Darwin,15,999,43,24.1,50658,28392,117809,Y,https://www.health.gov.au/sites/default/files/documents/2021/08/covid-19-vaccination-geographic-vaccination-rates-2-august-2021.pdf
2021-08-01,NT,702,Northern Territory - Outback,15,999,34.3,22.2,25824,16714,75289,Y,https://www.health.gov.au/sites/default/files/documents/2021/08/covid-19-vaccination-geographic-vaccination-rates-2-august-2021.pdf
2021-08-01,QLD,301,Brisbane - East,15,999,40.2,17.3,77964,33552,193941,Y,https://www.health.gov.au/sites/default/files/documents/2021/08/covid-19-vaccination-geographic-vaccination-rates-2-august-2021.pdf
2021-08-01,QLD,302,Brisbane - North,15,999,41.4,21.1,76385,38930,184504,Y,https://www.health.gov.au/sites/default/files/documents/2021/08/covid-19-vaccination-geographic-vaccination-rates-2-august-2021.pdf
2021-08-01,QLD,303,Brisbane - South,15,999,37.8,20.6,116358,63412,307826,Y,https://www.health.gov.au/sites/default/files/documents/2021/08/covid-19-vaccination-geographic-vaccination-rates-2-august-2021.pdf
2021-08-01,QLD,304,Brisbane - West,15,999,46.2,24.5,72338,38361,156576,Y,https://www.health.gov.au/sites/default/files/documents/2021/08/covid-19-vaccination-geographic-vaccination-rates-2-august-2021.pdf
2021-08-01,QLD,305,Brisbane Inner City,15,999,40.3,21.9,101583,55203,252067,Y,https://www.health.gov.au/sites/default/files/documents/2021/08/covid-19-vaccination-geographic-vaccination-rates-2-august-2021.pdf
2021-08-01,QLD,306,Cairns,15,999,39.1,21.2,79704,43215,203846,Y,https://www.health.gov.au/sites/default/files/documents/2021/08/covid-19-vaccination-geographic-vaccination-rates-2-august-2021.pdf
2021-08-01,QLD,307,Darling Downs - Maranoa,15,999,36.9,15.3,37623,15600,101959,Y,https://www.health.gov.au/sites/default/files/documents/2021/08/covid-19-vaccination-geographic-vaccination-rates-2-august-2021.pdf
2021-08-01,QLD,308,Central Queensland,15,999,30.3,14.7,53734,26069,177341,Y,https://www.health.gov.au/sites/default/files/documents/2021/08/covid-19-vaccination-geographic-vaccination-rates-2-august-2021.pdf
2021-08-01,QLD,309,Gold Coast,15,999,34.4,18,179019,93673,520405,Y,https://www.health.gov.au/sites/default/files/documents/2021/08/covid-19-vaccination-geographic-vaccination-rates-2-august-2021.pdf
2021-08-01,QLD,310,Ipswich,15,999,31.8,15.7,89127,44003,280273,Y,https://www.health.gov.au/sites/default/files/documents/2021/08/covid-19-vaccination-geographic-vaccination-rates-2-august-2021.pdf
2021-08-01,QLD,311,Logan - Beaudesert,15,999,28.5,13.2,76733,35540,269239,Y,https://www.health.gov.au/sites/default/files/documents/2021/08/covid-19-vaccination-geographic-vaccination-rates-2-august-2021.pdf
2021-08-01,QLD,312,Mackay - Isaac - Whitsunday,15,999,27.1,10.2,37079,13956,136822,Y,https://www.health.gov.au/sites/default/files/documents/2021/08/covid-19-vaccination-geographic-vaccination-rates-2-august-2021.pdf
2021-08-01,QLD,313,Moreton Bay - North,15,999,39.5,18.5,81978,38395,207538,Y,https://www.health.gov.au/sites/default/files/documents/2021/08/covid-19-vaccination-geographic-vaccination-rates-2-august-2021.pdf
2021-08-01,QLD,314,Moreton Bay - South,15,999,37,17.5,62745,29677,169581,Y,https://www.health.gov.au/sites/default/files/documents/2021/08/covid-19-vaccination-geographic-vaccination-rates-2-august-2021.pdf
2021-08-01,QLD,315,Queensland - Outback,15,999,26.3,16.1,16504,10103,62754,Y,https://www.health.gov.au/sites/default/files/documents/2021/08/covid-19-vaccination-geographic-vaccination-rates-2-august-2021.pdf
2021-08-01,QLD,316,Sunshine Coast,15,999,42.6,21.2,134523,66946,315781,Y,https://www.health.gov.au/sites/default/files/documents/2021/08/covid-19-vaccination-geographic-vaccination-rates-2-august-2021.pdf
2021-08-01,QLD,317,Toowoomba,15,999,37.2,18,47158,22819,126770,Y,https://www.health.gov.au/sites/default/files/documents/2021/08/covid-19-vaccination-geographic-vaccination-rates-2-august-2021.pdf
2021-08-01,QLD,318,Townsville,15,999,36.3,19.1,69149,36384,190494,Y,https://www.health.gov.au/sites/default/files/documents/2021/08/covid-19-vaccination-geographic-vaccination-rates-2-august-2021.pdf
2021-08-01,QLD,319,Wide Bay,15,999,38.7,18.4,95579,45443,246974,Y,https://www.health.gov.au/sites/default/files/documents/2021/08/covid-19-vaccination-geographic-vaccination-rates-2-august-2021.pdf
2021-08-01,SA,401,Adelaide - Central and Hills,15,999,45.5,22.4,116513,57360,256073,Y,https://www.health.gov.au/sites/default/files/documents/2021/08/covid-19-vaccination-geographic-vaccination-rates-2-august-2021.pdf
2021-08-01,SA,402,Adelaide - North,15,999,34.4,15.4,122059,54643,354823,Y,https://www.health.gov.au/sites/default/files/documents/2021/08/covid-19-vaccination-geographic-vaccination-rates-2-august-2021.pdf
2021-08-01,SA,403,Adelaide - South,15,999,46.1,22.8,141228,69848,306352,Y,https://www.health.gov.au/sites/default/files/documents/2021/08/covid-19-vaccination-geographic-vaccination-rates-2-august-2021.pdf
2021-08-01,SA,404,Adelaide - West,15,999,35.9,16.7,72765,33849,202688,Y,https://www.health.gov.au/sites/default/files/documents/2021/08/covid-19-vaccination-geographic-vaccination-rates-2-august-2021.pdf
2021-08-01,SA,405,Barossa - Yorke - Mid North,15,999,38.1,15.4,36102,14592,94756,Y,https://www.health.gov.au/sites/default/files/documents/2021/08/covid-19-vaccination-geographic-vaccination-rates-2-august-2021.pdf
2021-08-01,SA,406,South Australia - Outback,15,999,35.8,16.9,24285,11464,67834,Y,https://www.health.gov.au/sites/default/files/documents/2021/08/covid-19-vaccination-geographic-vaccination-rates-2-august-2021.pdf
2021-08-01,SA,407,South Australia - South East,15,999,38.4,17.1,61624,27442,160478,Y,https://www.health.gov.au/sites/default/files/documents/2021/08/covid-19-vaccination-geographic-vaccination-rates-2-august-2021.pdf
2021-08-01,TAS,601,Hobart,15,999,50.8,25.3,98411,49012,193723,Y,https://www.health.gov.au/sites/default/files/documents/2021/08/covid-19-vaccination-geographic-vaccination-rates-2-august-2021.pdf
2021-08-01,TAS,602,Launceston and North East,15,999,50.1,27,60609,32664,120977,Y,https://www.health.gov.au/sites/default/files/documents/2021/08/covid-19-vaccination-geographic-vaccination-rates-2-august-2021.pdf
2021-08-01,TAS,603,South East,15,999,46.5,19.1,15252,6265,32801,Y,https://www.health.gov.au/sites/default/files/documents/2021/08/covid-19-vaccination-geographic-vaccination-rates-2-august-2021.pdf
2021-08-01,TAS,604,West and North West,15,999,42,21.8,38987,20236,92825,Y,https://www.health.gov.au/sites/default/files/documents/2021/08/covid-19-vaccination-geographic-vaccination-rates-2-august-2021.pdf
2021-08-01,VIC,201,Ballarat,15,999,48.1,23.5,65610,32055,136404,Y,https://www.health.gov.au/sites/default/files/documents/2021/08/covid-19-vaccination-geographic-vaccination-rates-2-august-2021.pdf
2021-08-01,VIC,202,Bendigo,15,999,52.6,25.1,69649,33236,132413,Y,https://www.health.gov.au/sites/default/files/documents/2021/08/covid-19-vaccination-geographic-vaccination-rates-2-august-2021.pdf
2021-08-01,VIC,203,Geelong,15,999,51.4,25.9,129718,65364,252370,Y,https://www.health.gov.au/sites/default/files/documents/2021/08/covid-19-vaccination-geographic-vaccination-rates-2-august-2021.pdf
2021-08-01,VIC,204,Hume,15,999,49.9,19.9,73101,29153,146495,Y,https://www.health.gov.au/sites/default/files/documents/2021/08/covid-19-vaccination-geographic-vaccination-rates-2-august-2021.pdf
2021-08-01,VIC,205,Latrobe - Gippsland,15,999,48.8,20.8,114988,49011,235632,Y,https://www.health.gov.au/sites/default/files/documents/2021/08/covid-19-vaccination-geographic-vaccination-rates-2-august-2021.pdf
2021-08-01,VIC,206,Melbourne - Inner,15,999,37.7,19.7,236056,123350,626144,Y,https://www.health.gov.au/sites/default/files/documents/2021/08/covid-19-vaccination-geographic-vaccination-rates-2-august-2021.pdf
2021-08-01,VIC,207,Melbourne - Inner East,15,999,47.7,22.4,158983,74659,333298,Y,https://www.health.gov.au/sites/default/files/documents/2021/08/covid-19-vaccination-geographic-vaccination-rates-2-august-2021.pdf
2021-08-01,VIC,208,Melbourne - Inner South,15,999,49,23.1,179682,84707,366697,Y,https://www.health.gov.au/sites/default/files/documents/2021/08/covid-19-vaccination-geographic-vaccination-rates-2-august-2021.pdf
2021-08-01,VIC,209,Melbourne - North East,15,999,39.8,17.8,178615,79883,448781,Y,https://www.health.gov.au/sites/default/files/documents/2021/08/covid-19-vaccination-geographic-vaccination-rates-2-august-2021.pdf
2021-08-01,VIC,210,Melbourne - North West,15,999,34.7,15.6,114958,51681,331290,Y,https://www.health.gov.au/sites/default/files/documents/2021/08/covid-19-vaccination-geographic-vaccination-rates-2-august-2021.pdf
2021-08-01,VIC,211,Melbourne - Outer East,15,999,43.9,18.3,191638,79886,436533,Y,https://www.health.gov.au/sites/default/files/documents/2021/08/covid-19-vaccination-geographic-vaccination-rates-2-august-2021.pdf
2021-08-01,VIC,212,Melbourne - South East,15,999,36.4,16,252458,110970,693565,Y,https://www.health.gov.au/sites/default/files/documents/2021/08/covid-19-vaccination-geographic-vaccination-rates-2-august-2021.pdf
2021-08-01,VIC,213,Melbourne - West,15,999,34.8,16.5,230928,109492,663585,Y,https://www.health.gov.au/sites/default/files/documents/2021/08/covid-19-vaccination-geographic-vaccination-rates-2-august-2021.pdf
2021-08-01,VIC,214,Mornington Peninsula,15,999,48,20.4,122190,51931,254563,Y,https://www.health.gov.au/sites/default/files/documents/2021/08/covid-19-vaccination-geographic-vaccination-rates-2-august-2021.pdf
2021-08-01,VIC,215,North West,15,999,45.7,19.4,56878,24145,124460,Y,https://www.health.gov.au/sites/default/files/documents/2021/08/covid-19-vaccination-geographic-vaccination-rates-2-august-2021.pdf
2021-08-01,VIC,216,Shepparton,15,999,46,19.3,50020,20987,108740,Y,https://www.health.gov.au/sites/default/files/documents/2021/08/covid-19-vaccination-geographic-vaccination-rates-2-august-2021.pdf
2021-08-01,VIC,217,Warrnambool and South West,15,999,51.6,23,53133,23683,102970,Y,https://www.health.gov.au/sites/default/files/documents/2021/08/covid-19-vaccination-geographic-vaccination-rates-2-august-2021.pdf
2021-08-01,WA,501,Bunbury,15,999,39,15.8,57256,23196,146810,Y,https://www.health.gov.au/sites/default/files/documents/2021/08/covid-19-vaccination-geographic-vaccination-rates-2-august-2021.pdf
2021-08-01,WA,502,Mandurah,15,999,40.7,16.9,34377,14275,84465,Y,https://www.health.gov.au/sites/default/files/documents/2021/08/covid-19-vaccination-geographic-vaccination-rates-2-august-2021.pdf
2021-08-01,WA,503,Perth - Inner,15,999,48.9,25.5,75718,39485,154842,Y,https://www.health.gov.au/sites/default/files/documents/2021/08/covid-19-vaccination-geographic-vaccination-rates-2-august-2021.pdf
2021-08-01,WA,504,Perth - North East,15,999,34.2,14,74187,30369,216921,Y,https://www.health.gov.au/sites/default/files/documents/2021/08/covid-19-vaccination-geographic-vaccination-rates-2-august-2021.pdf
2021-08-01,WA,505,Perth - North West,15,999,39.1,16.5,179075,75569,457992,Y,https://www.health.gov.au/sites/default/files/documents/2021/08/covid-19-vaccination-geographic-vaccination-rates-2-august-2021.pdf
2021-08-01,WA,506,Perth - South East,15,999,35,15.1,146930,63390,419799,Y,https://www.health.gov.au/sites/default/files/documents/2021/08/covid-19-vaccination-geographic-vaccination-rates-2-august-2021.pdf
2021-08-01,WA,507,Perth - South West,15,999,38.5,17.3,134635,60498,349701,Y,https://www.health.gov.au/sites/default/files/documents/2021/08/covid-19-vaccination-geographic-vaccination-rates-2-august-2021.pdf
2021-08-01,WA,509,Western Australia - Wheat Belt,15,999,36.9,15.1,41114,16824,111419,Y,https://www.health.gov.au/sites/default/files/documents/2021/08/covid-19-vaccination-geographic-vaccination-rates-2-august-2021.pdf
2021-08-01,WA,510,Western Australia - Outback (North),15,999,18.2,8.6,13725,6486,75413,Y,https://www.health.gov.au/sites/default/files/documents/2021/08/covid-19-vaccination-geographic-vaccination-rates-2-august-2021.pdf
2021-08-01,WA,511,Western Australia - Outback (South),15,999,29.8,13.3,27521,12283,92353,Y,https://www.health.gov.au/sites/default/files/documents/2021/08/covid-19-vaccination-geographic-vaccination-rates-2-august-2021.pdf
2021-08-01,OT,901,Other Territories,15,999,44.1,15.8,1705,611,3866,Y,https://www.health.gov.au/sites/default/files/documents/2021/08/covid-19-vaccination-geographic-vaccination-rates-2-august-2021.pdf
2021-08-08,ACT,801,Australian Capital Territory,15,999,50.1,25.9,173008,89439,345325,Y,https://www.health.gov.au/sites/default/files/documents/2021/08/covid-19-vaccination-geographic-vaccination-rates-9-august-2021.pdf
2021-08-08,NSW,101,Capital Region,15,999,50,21.9,94142,41234,188283,Y,https://www.health.gov.au/sites/default/files/documents/2021/08/covid-19-vaccination-geographic-vaccination-rates-9-august-2021.pdf
2021-08-08,NSW,102,Central Coast,15,999,49.4,23.3,138083,65128,279520,Y,https://www.health.gov.au/sites/default/files/documents/2021/08/covid-19-vaccination-geographic-vaccination-rates-9-august-2021.pdf
2021-08-08,NSW,103,Central West,15,999,43.1,20.1,73505,34280,170545,Y,https://www.health.gov.au/sites/default/files/documents/2021/08/covid-19-vaccination-geographic-vaccination-rates-9-august-2021.pdf
2021-08-08,NSW,104,Coffs Harbour - Grafton,15,999,44.4,17.8,51672,20715,116379,Y,https://www.health.gov.au/sites/default/files/documents/2021/08/covid-19-vaccination-geographic-vaccination-rates-9-august-2021.pdf
2021-08-08,NSW,105,Far West and Orana,15,999,36.9,16.3,34204,15109,92695,Y,https://www.health.gov.au/sites/default/files/documents/2021/08/covid-19-vaccination-geographic-vaccination-rates-9-august-2021.pdf
2021-08-08,NSW,106,Hunter Valley exc Newcastle,15,999,40.6,17,90788,38015,223616,Y,https://www.health.gov.au/sites/default/files/documents/2021/08/covid-19-vaccination-geographic-vaccination-rates-9-august-2021.pdf
2021-08-08,NSW,107,Illawarra,15,999,46.7,24.7,120104,63524,257183,Y,https://www.health.gov.au/sites/default/files/documents/2021/08/covid-19-vaccination-geographic-vaccination-rates-9-august-2021.pdf
2021-08-08,NSW,108,Mid North Coast,15,999,49.2,21.6,91217,40047,185401,Y,https://www.health.gov.au/sites/default/files/documents/2021/08/covid-19-vaccination-geographic-vaccination-rates-9-august-2021.pdf
2021-08-08,NSW,109,Murray,15,999,48.3,20.3,47328,19892,97988,Y,https://www.health.gov.au/sites/default/files/documents/2021/08/covid-19-vaccination-geographic-vaccination-rates-9-august-2021.pdf
2021-08-08,NSW,110,New England and North West,15,999,41,18.1,61455,27130,149890,Y,https://www.health.gov.au/sites/default/files/documents/2021/08/covid-19-vaccination-geographic-vaccination-rates-9-august-2021.pdf
2021-08-08,NSW,111,Newcastle and Lake Macquarie,15,999,44.4,20.3,137855,63028,310484,Y,https://www.health.gov.au/sites/default/files/documents/2021/08/covid-19-vaccination-geographic-vaccination-rates-9-august-2021.pdf
2021-08-08,NSW,112,Richmond - Tweed,15,999,42.5,20,88600,41694,208471,Y,https://www.health.gov.au/sites/default/files/documents/2021/08/covid-19-vaccination-geographic-vaccination-rates-9-august-2021.pdf
2021-08-08,NSW,113,Riverina,15,999,46.2,22.2,59595,28637,128994,Y,https://www.health.gov.au/sites/default/files/documents/2021/08/covid-19-vaccination-geographic-vaccination-rates-9-august-2021.pdf
2021-08-08,NSW,114,Southern Highlands and Shoalhaven,15,999,54,26.6,70086,34524,129789,Y,https://www.health.gov.au/sites/default/files/documents/2021/08/covid-19-vaccination-geographic-vaccination-rates-9-august-2021.pdf
2021-08-08,NSW,115,Sydney - Baulkham Hills and Hawkesbury,15,999,56,30.2,111847,60317,199726,Y,https://www.health.gov.au/sites/default/files/documents/2021/08/covid-19-vaccination-geographic-vaccination-rates-9-august-2021.pdf
2021-08-08,NSW,116,Sydney - Blacktown,15,999,45.6,23.4,132951,68225,291560,Y,https://www.health.gov.au/sites/default/files/documents/2021/08/covid-19-vaccination-geographic-vaccination-rates-9-august-2021.pdf
2021-08-08,NSW,117,Sydney - City and Inner South,15,999,40.8,23.3,135990,77661,333308,Y,https://www.health.gov.au/sites/default/files/documents/2021/08/covid-19-vaccination-geographic-vaccination-rates-9-august-2021.pdf
2021-08-08,NSW,118,Sydney - Eastern Suburbs,15,999,49.3,28.4,123834,71336,251184,Y,https://www.health.gov.au/sites/default/files/documents/2021/08/covid-19-vaccination-geographic-vaccination-rates-9-august-2021.pdf
2021-08-08,NSW,119,Sydney - Inner South West,15,999,39,19.1,199896,97898,512553,Y,https://www.health.gov.au/sites/default/files/documents/2021/08/covid-19-vaccination-geographic-vaccination-rates-9-august-2021.pdf
2021-08-08,NSW,120,Sydney - Inner West,15,999,47.5,27,130481,74168,274697,Y,https://www.health.gov.au/sites/default/files/documents/2021/08/covid-19-vaccination-geographic-vaccination-rates-9-august-2021.pdf
2021-08-08,NSW,121,Sydney - North Sydney and Hornsby,15,999,57.6,32,207650,115361,360504,Y,https://www.health.gov.au/sites/default/files/documents/2021/08/covid-19-vaccination-geographic-vaccination-rates-9-august-2021.pdf
2021-08-08,NSW,122,Sydney - Northern Beaches,15,999,53.7,25.6,118803,56636,221234,Y,https://www.health.gov.au/sites/default/files/documents/2021/08/covid-19-vaccination-geographic-vaccination-rates-9-august-2021.pdf
2021-08-08,NSW,123,Sydney - Outer South West,15,999,44.8,21.7,100757,48804,224905,Y,https://www.health.gov.au/sites/default/files/documents/2021/08/covid-19-vaccination-geographic-vaccination-rates-9-august-2021.pdf
2021-08-08,NSW,124,Sydney - Outer West and Blue Mountains,15,999,43.9,21.1,114452,55010,260710,Y,https://www.health.gov.au/sites/default/files/documents/2021/08/covid-19-vaccination-geographic-vaccination-rates-9-august-2021.pdf
2021-08-08,NSW,125,Sydney - Parramatta,15,999,40.2,21.2,162470,85680,404153,Y,https://www.health.gov.au/sites/default/files/documents/2021/08/covid-19-vaccination-geographic-vaccination-rates-9-august-2021.pdf
2021-08-08,NSW,126,Sydney - Ryde,15,999,51.3,28,87369,47687,170309,Y,https://www.health.gov.au/sites/default/files/documents/2021/08/covid-19-vaccination-geographic-vaccination-rates-9-august-2021.pdf
2021-08-08,NSW,127,Sydney - South West,15,999,38.6,17.9,138706,64322,359341,Y,https://www.health.gov.au/sites/default/files/documents/2021/08/covid-19-vaccination-geographic-vaccination-rates-9-august-2021.pdf
2021-08-08,NSW,128,Sydney - Sutherland,15,999,55,26.9,102650,50205,186637,Y,https://www.health.gov.au/sites/default/files/documents/2021/08/covid-19-vaccination-geographic-vaccination-rates-9-august-2021.pdf
2021-08-08,NT,701,Darwin,15,999,45.9,27.3,54074,32162,117809,Y,https://www.health.gov.au/sites/default/files/documents/2021/08/covid-19-vaccination-geographic-vaccination-rates-9-august-2021.pdf
2021-08-08,NT,702,Northern Territory - Outback,15,999,35.6,23.8,26803,17919,75289,Y,https://www.health.gov.au/sites/default/files/documents/2021/08/covid-19-vaccination-geographic-vaccination-rates-9-august-2021.pdf
2021-08-08,QLD,301,Brisbane - East,15,999,43.8,20.9,84946,40534,193941,Y,https://www.health.gov.au/sites/default/files/documents/2021/08/covid-19-vaccination-geographic-vaccination-rates-9-august-2021.pdf
2021-08-08,QLD,302,Brisbane - North,15,999,44.3,25.2,81735,46495,184504,Y,https://www.health.gov.au/sites/default/files/documents/2021/08/covid-19-vaccination-geographic-vaccination-rates-9-august-2021.pdf
2021-08-08,QLD,303,Brisbane - South,15,999,41.1,23.8,126516,73263,307826,Y,https://www.health.gov.au/sites/default/files/documents/2021/08/covid-19-vaccination-geographic-vaccination-rates-9-august-2021.pdf
2021-08-08,QLD,304,Brisbane - West,15,999,49.3,28.7,77192,44937,156576,Y,https://www.health.gov.au/sites/default/files/documents/2021/08/covid-19-vaccination-geographic-vaccination-rates-9-august-2021.pdf
2021-08-08,QLD,305,Brisbane Inner City,15,999,43.3,25.7,109145,64781,252067,Y,https://www.health.gov.au/sites/default/files/documents/2021/08/covid-19-vaccination-geographic-vaccination-rates-9-august-2021.pdf
2021-08-08,QLD,306,Cairns,15,999,41.7,24.2,85004,49331,203846,Y,https://www.health.gov.au/sites/default/files/documents/2021/08/covid-19-vaccination-geographic-vaccination-rates-9-august-2021.pdf
2021-08-08,QLD,307,Darling Downs - Maranoa,15,999,39.2,19.6,39968,19984,101959,Y,https://www.health.gov.au/sites/default/files/documents/2021/08/covid-19-vaccination-geographic-vaccination-rates-9-august-2021.pdf
2021-08-08,QLD,308,Central Queensland,15,999,33,17.1,58523,30325,177341,Y,https://www.health.gov.au/sites/default/files/documents/2021/08/covid-19-vaccination-geographic-vaccination-rates-9-august-2021.pdf
2021-08-08,QLD,309,Gold Coast,15,999,37.2,20.7,193591,107724,520405,Y,https://www.health.gov.au/sites/default/files/documents/2021/08/covid-19-vaccination-geographic-vaccination-rates-9-august-2021.pdf
2021-08-08,QLD,310,Ipswich,15,999,34.3,18.2,96134,51010,280273,Y,https://www.health.gov.au/sites/default/files/documents/2021/08/covid-19-vaccination-geographic-vaccination-rates-9-august-2021.pdf
2021-08-08,QLD,311,Logan - Beaudesert,15,999,31.2,15.5,84003,41732,269239,Y,https://www.health.gov.au/sites/default/files/documents/2021/08/covid-19-vaccination-geographic-vaccination-rates-9-august-2021.pdf
2021-08-08,QLD,312,Mackay - Isaac - Whitsunday,15,999,29.8,12,40773,16419,136822,Y,https://www.health.gov.au/sites/default/files/documents/2021/08/covid-19-vaccination-geographic-vaccination-rates-9-august-2021.pdf
2021-08-08,QLD,313,Moreton Bay - North,15,999,42.4,22.1,87996,45866,207538,Y,https://www.health.gov.au/sites/default/files/documents/2021/08/covid-19-vaccination-geographic-vaccination-rates-9-august-2021.pdf
2021-08-08,QLD,314,Moreton Bay - South,15,999,40,21.3,67832,36121,169581,Y,https://www.health.gov.au/sites/default/files/documents/2021/08/covid-19-vaccination-geographic-vaccination-rates-9-august-2021.pdf
2021-08-08,QLD,315,Queensland - Outback,15,999,28.5,18.5,17885,11609,62754,Y,https://www.health.gov.au/sites/default/files/documents/2021/08/covid-19-vaccination-geographic-vaccination-rates-9-august-2021.pdf
2021-08-08,QLD,316,Sunshine Coast,15,999,45.5,24.4,143680,77051,315781,Y,https://www.health.gov.au/sites/default/files/documents/2021/08/covid-19-vaccination-geographic-vaccination-rates-9-august-2021.pdf
2021-08-08,QLD,317,Toowoomba,15,999,39.9,21.1,50581,26748,126770,Y,https://www.health.gov.au/sites/default/files/documents/2021/08/covid-19-vaccination-geographic-vaccination-rates-9-august-2021.pdf
2021-08-08,QLD,318,Townsville,15,999,38.8,21.7,73912,41337,190494,Y,https://www.health.gov.au/sites/default/files/documents/2021/08/covid-19-vaccination-geographic-vaccination-rates-9-august-2021.pdf
2021-08-08,QLD,319,Wide Bay,15,999,42.4,21.3,104717,52605,246974,Y,https://www.health.gov.au/sites/default/files/documents/2021/08/covid-19-vaccination-geographic-vaccination-rates-9-august-2021.pdf
2021-08-08,SA,401,Adelaide - Central and Hills,15,999,48,26.1,122915,66835,256073,Y,https://www.health.gov.au/sites/default/files/documents/2021/08/covid-19-vaccination-geographic-vaccination-rates-9-august-2021.pdf
2021-08-08,SA,402,Adelaide - North,15,999,37.3,17.8,132349,63158,354823,Y,https://www.health.gov.au/sites/default/files/documents/2021/08/covid-19-vaccination-geographic-vaccination-rates-9-august-2021.pdf
2021-08-08,SA,403,Adelaide - South,15,999,48.5,26.1,148581,79958,306352,Y,https://www.health.gov.au/sites/default/files/documents/2021/08/covid-19-vaccination-geographic-vaccination-rates-9-august-2021.pdf
2021-08-08,SA,404,Adelaide - West,15,999,38.5,19.5,78035,39524,202688,Y,https://www.health.gov.au/sites/default/files/documents/2021/08/covid-19-vaccination-geographic-vaccination-rates-9-august-2021.pdf
2021-08-08,SA,405,Barossa - Yorke - Mid North,15,999,40.5,18.1,38376,17151,94756,Y,https://www.health.gov.au/sites/default/files/documents/2021/08/covid-19-vaccination-geographic-vaccination-rates-9-august-2021.pdf
2021-08-08,SA,406,South Australia - Outback,15,999,38,19.7,25777,13363,67834,Y,https://www.health.gov.au/sites/default/files/documents/2021/08/covid-19-vaccination-geographic-vaccination-rates-9-august-2021.pdf
2021-08-08,SA,407,South Australia - South East,15,999,40.3,19.6,64673,31454,160478,Y,https://www.health.gov.au/sites/default/files/documents/2021/08/covid-19-vaccination-geographic-vaccination-rates-9-august-2021.pdf
2021-08-08,TAS,601,Hobart,15,999,53.3,29.1,103254,56373,193723,Y,https://www.health.gov.au/sites/default/files/documents/2021/08/covid-19-vaccination-geographic-vaccination-rates-9-august-2021.pdf
2021-08-08,TAS,602,Launceston and North East,15,999,52.4,30.8,63392,37261,120977,Y,https://www.health.gov.au/sites/default/files/documents/2021/08/covid-19-vaccination-geographic-vaccination-rates-9-august-2021.pdf
2021-08-08,TAS,603,South East,15,999,48.3,22.8,15843,7479,32801,Y,https://www.health.gov.au/sites/default/files/documents/2021/08/covid-19-vaccination-geographic-vaccination-rates-9-august-2021.pdf
2021-08-08,TAS,604,West and North West,15,999,45.1,23.4,41864,21721,92825,Y,https://www.health.gov.au/sites/default/files/documents/2021/08/covid-19-vaccination-geographic-vaccination-rates-9-august-2021.pdf
2021-08-08,VIC,201,Ballarat,15,999,50.3,26.6,68611,36283,136404,Y,https://www.health.gov.au/sites/default/files/documents/2021/08/covid-19-vaccination-geographic-vaccination-rates-9-august-2021.pdf
2021-08-08,VIC,202,Bendigo,15,999,54.8,28.9,72562,38267,132413,Y,https://www.health.gov.au/sites/default/files/documents/2021/08/covid-19-vaccination-geographic-vaccination-rates-9-august-2021.pdf
2021-08-08,VIC,203,Geelong,15,999,53.6,30.3,135270,76468,252370,Y,https://www.health.gov.au/sites/default/files/documents/2021/08/covid-19-vaccination-geographic-vaccination-rates-9-august-2021.pdf
2021-08-08,VIC,204,Hume,15,999,52.7,23.7,77203,34719,146495,Y,https://www.health.gov.au/sites/default/files/documents/2021/08/covid-19-vaccination-geographic-vaccination-rates-9-august-2021.pdf
2021-08-08,VIC,205,Latrobe - Gippsland,15,999,50.8,24.2,119701,57023,235632,Y,https://www.health.gov.au/sites/default/files/documents/2021/08/covid-19-vaccination-geographic-vaccination-rates-9-august-2021.pdf
2021-08-08,VIC,206,Melbourne - Inner,15,999,39.8,22.4,249205,140256,626144,Y,https://www.health.gov.au/sites/default/files/documents/2021/08/covid-19-vaccination-geographic-vaccination-rates-9-august-2021.pdf
2021-08-08,VIC,207,Melbourne - Inner East,15,999,50.1,26.3,166982,87657,333298,Y,https://www.health.gov.au/sites/default/files/documents/2021/08/covid-19-vaccination-geographic-vaccination-rates-9-august-2021.pdf
2021-08-08,VIC,208,Melbourne - Inner South,15,999,51.4,26.8,188482,98275,366697,Y,https://www.health.gov.au/sites/default/files/documents/2021/08/covid-19-vaccination-geographic-vaccination-rates-9-august-2021.pdf
2021-08-08,VIC,209,Melbourne - North East,15,999,41.8,21.1,187590,94693,448781,Y,https://www.health.gov.au/sites/default/files/documents/2021/08/covid-19-vaccination-geographic-vaccination-rates-9-august-2021.pdf
2021-08-08,VIC,210,Melbourne - North West,15,999,36.7,17.7,121583,58638,331290,Y,https://www.health.gov.au/sites/default/files/documents/2021/08/covid-19-vaccination-geographic-vaccination-rates-9-august-2021.pdf
2021-08-08,VIC,211,Melbourne - Outer East,15,999,46.2,21.6,201678,94291,436533,Y,https://www.health.gov.au/sites/default/files/documents/2021/08/covid-19-vaccination-geographic-vaccination-rates-9-august-2021.pdf
2021-08-08,VIC,212,Melbourne - South East,15,999,38.4,18.6,266329,129003,693565,Y,https://www.health.gov.au/sites/default/files/documents/2021/08/covid-19-vaccination-geographic-vaccination-rates-9-august-2021.pdf
2021-08-08,VIC,213,Melbourne - West,15,999,37.2,18.6,246854,123427,663585,Y,https://www.health.gov.au/sites/default/files/documents/2021/08/covid-19-vaccination-geographic-vaccination-rates-9-august-2021.pdf
2021-08-08,VIC,214,Mornington Peninsula,15,999,50.3,24.2,128045,61604,254563,Y,https://www.health.gov.au/sites/default/files/documents/2021/08/covid-19-vaccination-geographic-vaccination-rates-9-august-2021.pdf
2021-08-08,VIC,215,North West,15,999,48.1,22.8,59865,28377,124460,Y,https://www.health.gov.au/sites/default/files/documents/2021/08/covid-19-vaccination-geographic-vaccination-rates-9-august-2021.pdf
2021-08-08,VIC,216,Shepparton,15,999,48.2,22.5,52413,24467,108740,Y,https://www.health.gov.au/sites/default/files/documents/2021/08/covid-19-vaccination-geographic-vaccination-rates-9-august-2021.pdf
2021-08-08,VIC,217,Warrnambool and South West,15,999,54.5,27.5,56119,28317,102970,Y,https://www.health.gov.au/sites/default/files/documents/2021/08/covid-19-vaccination-geographic-vaccination-rates-9-august-2021.pdf
2021-08-08,WA,501,Bunbury,15,999,41.4,19,60779,27894,146810,Y,https://www.health.gov.au/sites/default/files/documents/2021/08/covid-19-vaccination-geographic-vaccination-rates-9-august-2021.pdf
2021-08-08,WA,502,Mandurah,15,999,42.4,20.2,35813,17062,84465,Y,https://www.health.gov.au/sites/default/files/documents/2021/08/covid-19-vaccination-geographic-vaccination-rates-9-august-2021.pdf
2021-08-08,WA,503,Perth - Inner,15,999,51.6,29.9,79898,46298,154842,Y,https://www.health.gov.au/sites/default/files/documents/2021/08/covid-19-vaccination-geographic-vaccination-rates-9-august-2021.pdf
2021-08-08,WA,504,Perth - North East,15,999,36.6,17,79393,36877,216921,Y,https://www.health.gov.au/sites/default/files/documents/2021/08/covid-19-vaccination-geographic-vaccination-rates-9-august-2021.pdf
2021-08-08,WA,505,Perth - North West,15,999,41.6,20.1,190525,92056,457992,Y,https://www.health.gov.au/sites/default/files/documents/2021/08/covid-19-vaccination-geographic-vaccination-rates-9-august-2021.pdf
2021-08-08,WA,506,Perth - South East,15,999,37.2,18.2,156165,76403,419799,Y,https://www.health.gov.au/sites/default/files/documents/2021/08/covid-19-vaccination-geographic-vaccination-rates-9-august-2021.pdf
2021-08-08,WA,507,Perth - South West,15,999,40.6,20.8,141979,72738,349701,Y,https://www.health.gov.au/sites/default/files/documents/2021/08/covid-19-vaccination-geographic-vaccination-rates-9-august-2021.pdf
2021-08-08,WA,509,Western Australia - Wheat Belt,15,999,39.4,17.6,43899,19610,111419,Y,https://www.health.gov.au/sites/default/files/documents/2021/08/covid-19-vaccination-geographic-vaccination-rates-9-august-2021.pdf
2021-08-08,WA,510,Western Australia - Outback (North),15,999,19.5,9.9,14706,7466,75413,Y,https://www.health.gov.au/sites/default/files/documents/2021/08/covid-19-vaccination-geographic-vaccination-rates-9-august-2021.pdf
2021-08-08,WA,511,Western Australia - Outback (South),15,999,32,15.4,29553,14222,92353,Y,https://www.health.gov.au/sites/default/files/documents/2021/08/covid-19-vaccination-geographic-vaccination-rates-9-august-2021.pdf
2021-08-08,OT,901,Other Territories,15,999,46.2,27.3,1786,1055,3866,Y,https://www.health.gov.au/sites/default/files/documents/2021/08/covid-19-vaccination-geographic-vaccination-rates-9-august-2021.pdf
2021-08-15,ACT,801,Australian Capital Territory,15,999,53.2,29.9,183713,103252,345325,Y,https://www.health.gov.au/sites/default/files/documents/2021/08/covid-19-vaccination-geographic-vaccination-rates-16-august-2021.pdf
2021-08-15,NSW,101,Capital Region,15,999,53.5,26.1,100731,49142,188283,Y,https://www.health.gov.au/sites/default/files/documents/2021/08/covid-19-vaccination-geographic-vaccination-rates-16-august-2021.pdf
2021-08-15,NSW,102,Central Coast,15,999,55.3,27.5,154575,76868,279520,Y,https://www.health.gov.au/sites/default/files/documents/2021/08/covid-19-vaccination-geographic-vaccination-rates-16-august-2021.pdf
2021-08-15,NSW,103,Central West,15,999,46.7,23.8,79645,40590,170545,Y,https://www.health.gov.au/sites/default/files/documents/2021/08/covid-19-vaccination-geographic-vaccination-rates-16-august-2021.pdf
2021-08-15,NSW,104,Coffs Harbour - Grafton,15,999,47.7,21.4,55513,24905,116379,Y,https://www.health.gov.au/sites/default/files/documents/2021/08/covid-19-vaccination-geographic-vaccination-rates-16-august-2021.pdf
2021-08-15,NSW,105,Far West and Orana,15,999,42.2,19.2,39117,17797,92695,Y,https://www.health.gov.au/sites/default/files/documents/2021/08/covid-19-vaccination-geographic-vaccination-rates-16-august-2021.pdf
2021-08-15,NSW,106,Hunter Valley exc Newcastle,15,999,45.6,21.3,101969,47630,223616,Y,https://www.health.gov.au/sites/default/files/documents/2021/08/covid-19-vaccination-geographic-vaccination-rates-16-august-2021.pdf
2021-08-15,NSW,107,Illawarra,15,999,51.3,28.7,131935,73812,257183,Y,https://www.health.gov.au/sites/default/files/documents/2021/08/covid-19-vaccination-geographic-vaccination-rates-16-august-2021.pdf
2021-08-15,NSW,108,Mid North Coast,15,999,52.8,26,97892,48204,185401,Y,https://www.health.gov.au/sites/default/files/documents/2021/08/covid-19-vaccination-geographic-vaccination-rates-16-august-2021.pdf
2021-08-15,NSW,109,Murray,15,999,51.4,24,50366,23517,97988,Y,https://www.health.gov.au/sites/default/files/documents/2021/08/covid-19-vaccination-geographic-vaccination-rates-16-august-2021.pdf
2021-08-15,NSW,110,New England and North West,15,999,45.6,21.8,68350,32676,149890,Y,https://www.health.gov.au/sites/default/files/documents/2021/08/covid-19-vaccination-geographic-vaccination-rates-16-august-2021.pdf
2021-08-15,NSW,111,Newcastle and Lake Macquarie,15,999,50,24.8,155242,77000,310484,Y,https://www.health.gov.au/sites/default/files/documents/2021/08/covid-19-vaccination-geographic-vaccination-rates-16-august-2021.pdf
2021-08-15,NSW,112,Richmond - Tweed,15,999,45.8,23.2,95480,48365,208471,Y,https://www.health.gov.au/sites/default/files/documents/2021/08/covid-19-vaccination-geographic-vaccination-rates-16-august-2021.pdf
2021-08-15,NSW,113,Riverina,15,999,49.8,26.4,64239,34054,128994,Y,https://www.health.gov.au/sites/default/files/documents/2021/08/covid-19-vaccination-geographic-vaccination-rates-16-august-2021.pdf
2021-08-15,NSW,114,Southern Highlands and Shoalhaven,15,999,58.1,31.2,75407,40494,129789,Y,https://www.health.gov.au/sites/default/files/documents/2021/08/covid-19-vaccination-geographic-vaccination-rates-16-august-2021.pdf
2021-08-15,NSW,115,Sydney - Baulkham Hills and Hawkesbury,15,999,62.8,35.2,125428,70304,199726,Y,https://www.health.gov.au/sites/default/files/documents/2021/08/covid-19-vaccination-geographic-vaccination-rates-16-august-2021.pdf
2021-08-15,NSW,116,Sydney - Blacktown,15,999,53.6,27.3,156276,79596,291560,Y,https://www.health.gov.au/sites/default/files/documents/2021/08/covid-19-vaccination-geographic-vaccination-rates-16-august-2021.pdf
2021-08-15,NSW,117,Sydney - City and Inner South,15,999,45.9,26.7,152988,88993,333308,Y,https://www.health.gov.au/sites/default/files/documents/2021/08/covid-19-vaccination-geographic-vaccination-rates-16-august-2021.pdf
2021-08-15,NSW,118,Sydney - Eastern Suburbs,15,999,54.1,32.6,135891,81886,251184,Y,https://www.health.gov.au/sites/default/files/documents/2021/08/covid-19-vaccination-geographic-vaccination-rates-16-august-2021.pdf
2021-08-15,NSW,119,Sydney - Inner South West,15,999,46.6,22.9,238850,117375,512553,Y,https://www.health.gov.au/sites/default/files/documents/2021/08/covid-19-vaccination-geographic-vaccination-rates-16-august-2021.pdf
2021-08-15,NSW,120,Sydney - Inner West,15,999,53.5,31.1,146963,85431,274697,Y,https://www.health.gov.au/sites/default/files/documents/2021/08/covid-19-vaccination-geographic-vaccination-rates-16-august-2021.pdf
2021-08-15,NSW,121,Sydney - North Sydney and Hornsby,15,999,63.3,37.2,228199,134107,360504,Y,https://www.health.gov.au/sites/default/files/documents/2021/08/covid-19-vaccination-geographic-vaccination-rates-16-august-2021.pdf
2021-08-15,NSW,122,Sydney - Northern Beaches,15,999,60.1,30.4,132962,67255,221234,Y,https://www.health.gov.au/sites/default/files/documents/2021/08/covid-19-vaccination-geographic-vaccination-rates-16-august-2021.pdf
2021-08-15,NSW,123,Sydney - Outer South West,15,999,51.8,25.8,116501,58025,224905,Y,https://www.health.gov.au/sites/default/files/documents/2021/08/covid-19-vaccination-geographic-vaccination-rates-16-august-2021.pdf
2021-08-15,NSW,124,Sydney - Outer West and Blue Mountains,15,999,51.1,25,133223,65178,260710,Y,https://www.health.gov.au/sites/default/files/documents/2021/08/covid-19-vaccination-geographic-vaccination-rates-16-august-2021.pdf
2021-08-15,NSW,125,Sydney - Parramatta,15,999,47.7,24.8,192781,100230,404153,Y,https://www.health.gov.au/sites/default/files/documents/2021/08/covid-19-vaccination-geographic-vaccination-rates-16-august-2021.pdf
2021-08-15,NSW,126,Sydney - Ryde,15,999,57.4,32.4,97757,55180,170309,Y,https://www.health.gov.au/sites/default/files/documents/2021/08/covid-19-vaccination-geographic-vaccination-rates-16-august-2021.pdf
2021-08-15,NSW,127,Sydney - South West,15,999,46.6,21.9,167453,78696,359341,Y,https://www.health.gov.au/sites/default/files/documents/2021/08/covid-19-vaccination-geographic-vaccination-rates-16-august-2021.pdf
2021-08-15,NSW,128,Sydney - Sutherland,15,999,61.6,32.1,114968,59910,186637,Y,https://www.health.gov.au/sites/default/files/documents/2021/08/covid-19-vaccination-geographic-vaccination-rates-16-august-2021.pdf
2021-08-15,NT,701,Darwin,15,999,49.8,30.6,58669,36050,117809,Y,https://www.health.gov.au/sites/default/files/documents/2021/08/covid-19-vaccination-geographic-vaccination-rates-16-august-2021.pdf
2021-08-15,NT,702,Northern Territory - Outback,15,999,37.3,26.1,28083,19650,75289,Y,https://www.health.gov.au/sites/default/files/documents/2021/08/covid-19-vaccination-geographic-vaccination-rates-16-august-2021.pdf
2021-08-15,QLD,301,Brisbane - East,15,999,47.4,24.5,91928,47516,193941,Y,https://www.health.gov.au/sites/default/files/documents/2021/08/covid-19-vaccination-geographic-vaccination-rates-16-august-2021.pdf
2021-08-15,QLD,302,Brisbane - North,15,999,47.6,28.6,87824,52768,184504,Y,https://www.health.gov.au/sites/default/files/documents/2021/08/covid-19-vaccination-geographic-vaccination-rates-16-august-2021.pdf
2021-08-15,QLD,303,Brisbane - South,15,999,44.5,26.9,136983,82805,307826,Y,https://www.health.gov.au/sites/default/files/documents/2021/08/covid-19-vaccination-geographic-vaccination-rates-16-august-2021.pdf
2021-08-15,QLD,304,Brisbane - West,15,999,52.9,32.6,82829,51044,156576,Y,https://www.health.gov.au/sites/default/files/documents/2021/08/covid-19-vaccination-geographic-vaccination-rates-16-august-2021.pdf
2021-08-15,QLD,305,Brisbane Inner City,15,999,46.7,29.1,117715,73351,252067,Y,https://www.health.gov.au/sites/default/files/documents/2021/08/covid-19-vaccination-geographic-vaccination-rates-16-august-2021.pdf
2021-08-15,QLD,306,Cairns,15,999,45.4,27.5,92546,56058,203846,Y,https://www.health.gov.au/sites/default/files/documents/2021/08/covid-19-vaccination-geographic-vaccination-rates-16-august-2021.pdf
2021-08-15,QLD,307,Darling Downs - Maranoa,15,999,43.2,22.6,44046,23043,101959,Y,https://www.health.gov.au/sites/default/files/documents/2021/08/covid-19-vaccination-geographic-vaccination-rates-16-august-2021.pdf
2021-08-15,QLD,308,Central Queensland,15,999,35.2,19.2,62424,34049,177341,Y,https://www.health.gov.au/sites/default/files/documents/2021/08/covid-19-vaccination-geographic-vaccination-rates-16-august-2021.pdf
2021-08-15,QLD,309,Gold Coast,15,999,39.7,24,206601,124897,520405,Y,https://www.health.gov.au/sites/default/files/documents/2021/08/covid-19-vaccination-geographic-vaccination-rates-16-august-2021.pdf
2021-08-15,QLD,310,Ipswich,15,999,37.3,21,104542,58857,280273,Y,https://www.health.gov.au/sites/default/files/documents/2021/08/covid-19-vaccination-geographic-vaccination-rates-16-august-2021.pdf
2021-08-15,QLD,311,Logan - Beaudesert,15,999,33.9,18,91272,48463,269239,Y,https://www.health.gov.au/sites/default/files/documents/2021/08/covid-19-vaccination-geographic-vaccination-rates-16-august-2021.pdf
2021-08-15,QLD,312,Mackay - Isaac - Whitsunday,15,999,32.8,14.2,44878,19429,136822,Y,https://www.health.gov.au/sites/default/files/documents/2021/08/covid-19-vaccination-geographic-vaccination-rates-16-august-2021.pdf
2021-08-15,QLD,313,Moreton Bay - North,15,999,45.2,25.3,93807,52507,207538,Y,https://www.health.gov.au/sites/default/files/documents/2021/08/covid-19-vaccination-geographic-vaccination-rates-16-august-2021.pdf
2021-08-15,QLD,314,Moreton Bay - South,15,999,43.1,24.6,73089,41717,169581,Y,https://www.health.gov.au/sites/default/files/documents/2021/08/covid-19-vaccination-geographic-vaccination-rates-16-august-2021.pdf
2021-08-15,QLD,315,Queensland - Outback,15,999,31.2,20.1,19579,12614,62754,Y,https://www.health.gov.au/sites/default/files/documents/2021/08/covid-19-vaccination-geographic-vaccination-rates-16-august-2021.pdf
2021-08-15,QLD,316,Sunshine Coast,15,999,48.7,27.9,153785,88103,315781,Y,https://www.health.gov.au/sites/default/files/documents/2021/08/covid-19-vaccination-geographic-vaccination-rates-16-august-2021.pdf
2021-08-15,QLD,317,Toowoomba,15,999,43.5,23.9,55145,30298,126770,Y,https://www.health.gov.au/sites/default/files/documents/2021/08/covid-19-vaccination-geographic-vaccination-rates-16-august-2021.pdf
2021-08-15,QLD,318,Townsville,15,999,41.8,24.9,79626,47433,190494,Y,https://www.health.gov.au/sites/default/files/documents/2021/08/covid-19-vaccination-geographic-vaccination-rates-16-august-2021.pdf
2021-08-15,QLD,319,Wide Bay,15,999,45.9,24.4,113361,60262,246974,Y,https://www.health.gov.au/sites/default/files/documents/2021/08/covid-19-vaccination-geographic-vaccination-rates-16-august-2021.pdf
2021-08-15,SA,401,Adelaide - Central and Hills,15,999,50.6,30,129573,76822,256073,Y,https://www.health.gov.au/sites/default/files/documents/2021/08/covid-19-vaccination-geographic-vaccination-rates-16-august-2021.pdf
2021-08-15,SA,402,Adelaide - North,15,999,39.8,20.9,141220,74158,354823,Y,https://www.health.gov.au/sites/default/files/documents/2021/08/covid-19-vaccination-geographic-vaccination-rates-16-august-2021.pdf
2021-08-15,SA,403,Adelaide - South,15,999,50.9,29.9,155933,91599,306352,Y,https://www.health.gov.au/sites/default/files/documents/2021/08/covid-19-vaccination-geographic-vaccination-rates-16-august-2021.pdf
2021-08-15,SA,404,Adelaide - West,15,999,41.1,22.4,83305,45402,202688,Y,https://www.health.gov.au/sites/default/files/documents/2021/08/covid-19-vaccination-geographic-vaccination-rates-16-august-2021.pdf
2021-08-15,SA,405,Barossa - Yorke - Mid North,15,999,42.8,21.4,40556,20278,94756,Y,https://www.health.gov.au/sites/default/files/documents/2021/08/covid-19-vaccination-geographic-vaccination-rates-16-august-2021.pdf
2021-08-15,SA,406,South Australia - Outback,15,999,40.6,23.1,27541,15670,67834,Y,https://www.health.gov.au/sites/default/files/documents/2021/08/covid-19-vaccination-geographic-vaccination-rates-16-august-2021.pdf
2021-08-15,SA,407,South Australia - South East,15,999,42.5,22.3,68203,35787,160478,Y,https://www.health.gov.au/sites/default/files/documents/2021/08/covid-19-vaccination-geographic-vaccination-rates-16-august-2021.pdf
2021-08-15,TAS,601,Hobart,15,999,55,34.5,106548,66834,193723,Y,https://www.health.gov.au/sites/default/files/documents/2021/08/covid-19-vaccination-geographic-vaccination-rates-16-august-2021.pdf
2021-08-15,TAS,602,Launceston and North East,15,999,55.1,34.5,66658,41737,120977,Y,https://www.health.gov.au/sites/default/files/documents/2021/08/covid-19-vaccination-geographic-vaccination-rates-16-august-2021.pdf
2021-08-15,TAS,603,South East,15,999,50.3,29.1,16499,9545,32801,Y,https://www.health.gov.au/sites/default/files/documents/2021/08/covid-19-vaccination-geographic-vaccination-rates-16-august-2021.pdf
2021-08-15,TAS,604,West and North West,15,999,48.2,26.5,44742,24599,92825,Y,https://www.health.gov.au/sites/default/files/documents/2021/08/covid-19-vaccination-geographic-vaccination-rates-16-august-2021.pdf
2021-08-15,VIC,201,Ballarat,15,999,53,30.7,72294,41876,136404,Y,https://www.health.gov.au/sites/default/files/documents/2021/08/covid-19-vaccination-geographic-vaccination-rates-16-august-2021.pdf
2021-08-15,VIC,202,Bendigo,15,999,57.4,33,76005,43696,132413,Y,https://www.health.gov.au/sites/default/files/documents/2021/08/covid-19-vaccination-geographic-vaccination-rates-16-august-2021.pdf
2021-08-15,VIC,203,Geelong,15,999,56.5,33.9,142589,85553,252370,Y,https://www.health.gov.au/sites/default/files/documents/2021/08/covid-19-vaccination-geographic-vaccination-rates-16-august-2021.pdf
2021-08-15,VIC,204,Hume,15,999,55.7,28.1,81598,41165,146495,Y,https://www.health.gov.au/sites/default/files/documents/2021/08/covid-19-vaccination-geographic-vaccination-rates-16-august-2021.pdf
2021-08-15,VIC,205,Latrobe - Gippsland,15,999,53.3,28.4,125592,66919,235632,Y,https://www.health.gov.au/sites/default/files/documents/2021/08/covid-19-vaccination-geographic-vaccination-rates-16-august-2021.pdf
2021-08-15,VIC,206,Melbourne - Inner,15,999,42.7,25.3,267363,158414,626144,Y,https://www.health.gov.au/sites/default/files/documents/2021/08/covid-19-vaccination-geographic-vaccination-rates-16-august-2021.pdf
2021-08-15,VIC,207,Melbourne - Inner East,15,999,52.7,30.5,175648,101656,333298,Y,https://www.health.gov.au/sites/default/files/documents/2021/08/covid-19-vaccination-geographic-vaccination-rates-16-august-2021.pdf
2021-08-15,VIC,208,Melbourne - Inner South,15,999,54.3,31.1,199116,114043,366697,Y,https://www.health.gov.au/sites/default/files/documents/2021/08/covid-19-vaccination-geographic-vaccination-rates-16-august-2021.pdf
2021-08-15,VIC,209,Melbourne - North East,15,999,44.3,24.3,198810,109054,448781,Y,https://www.health.gov.au/sites/default/files/documents/2021/08/covid-19-vaccination-geographic-vaccination-rates-16-august-2021.pdf
2021-08-15,VIC,210,Melbourne - North West,15,999,39.5,20.1,130860,66589,331290,Y,https://www.health.gov.au/sites/default/files/documents/2021/08/covid-19-vaccination-geographic-vaccination-rates-16-august-2021.pdf
2021-08-15,VIC,211,Melbourne - Outer East,15,999,49.1,25.6,214338,111752,436533,Y,https://www.health.gov.au/sites/default/files/documents/2021/08/covid-19-vaccination-geographic-vaccination-rates-16-august-2021.pdf
2021-08-15,VIC,212,Melbourne - South East,15,999,41.3,21.7,286442,150504,693565,Y,https://www.health.gov.au/sites/default/files/documents/2021/08/covid-19-vaccination-geographic-vaccination-rates-16-august-2021.pdf
2021-08-15,VIC,213,Melbourne - West,15,999,40.9,21.2,271406,140680,663585,Y,https://www.health.gov.au/sites/default/files/documents/2021/08/covid-19-vaccination-geographic-vaccination-rates-16-august-2021.pdf
2021-08-15,VIC,214,Mornington Peninsula,15,999,53.3,28.4,135682,72296,254563,Y,https://www.health.gov.au/sites/default/files/documents/2021/08/covid-19-vaccination-geographic-vaccination-rates-16-august-2021.pdf
2021-08-15,VIC,215,North West,15,999,50.9,27,63350,33604,124460,Y,https://www.health.gov.au/sites/default/files/documents/2021/08/covid-19-vaccination-geographic-vaccination-rates-16-august-2021.pdf
2021-08-15,VIC,216,Shepparton,15,999,51.1,26,55566,28272,108740,Y,https://www.health.gov.au/sites/default/files/documents/2021/08/covid-19-vaccination-geographic-vaccination-rates-16-august-2021.pdf
2021-08-15,VIC,217,Warrnambool and South West,15,999,57.9,31.8,59620,32744,102970,Y,https://www.health.gov.au/sites/default/files/documents/2021/08/covid-19-vaccination-geographic-vaccination-rates-16-august-2021.pdf
2021-08-15,WA,501,Bunbury,15,999,44.2,23.1,64890,33913,146810,Y,https://www.health.gov.au/sites/default/files/documents/2021/08/covid-19-vaccination-geographic-vaccination-rates-16-august-2021.pdf
2021-08-15,WA,502,Mandurah,15,999,44.4,23.8,37502,20103,84465,Y,https://www.health.gov.au/sites/default/files/documents/2021/08/covid-19-vaccination-geographic-vaccination-rates-16-august-2021.pdf
2021-08-15,WA,503,Perth - Inner,15,999,54.2,34.1,83924,52801,154842,Y,https://www.health.gov.au/sites/default/files/documents/2021/08/covid-19-vaccination-geographic-vaccination-rates-16-august-2021.pdf
2021-08-15,WA,504,Perth - North East,15,999,38.7,20.4,83948,44252,216921,Y,https://www.health.gov.au/sites/default/files/documents/2021/08/covid-19-vaccination-geographic-vaccination-rates-16-august-2021.pdf
2021-08-15,WA,505,Perth - North West,15,999,44.6,24.1,204264,110376,457992,Y,https://www.health.gov.au/sites/default/files/documents/2021/08/covid-19-vaccination-geographic-vaccination-rates-16-august-2021.pdf
2021-08-15,WA,506,Perth - South East,15,999,39.3,21.6,164981,90677,419799,Y,https://www.health.gov.au/sites/default/files/documents/2021/08/covid-19-vaccination-geographic-vaccination-rates-16-august-2021.pdf
2021-08-15,WA,507,Perth - South West,15,999,43.1,24.3,150721,84977,349701,Y,https://www.health.gov.au/sites/default/files/documents/2021/08/covid-19-vaccination-geographic-vaccination-rates-16-august-2021.pdf
2021-08-15,WA,509,Western Australia - Wheat Belt,15,999,42,21.1,46796,23509,111419,Y,https://www.health.gov.au/sites/default/files/documents/2021/08/covid-19-vaccination-geographic-vaccination-rates-16-august-2021.pdf
2021-08-15,WA,510,Western Australia - Outback (North),15,999,21.1,11.8,15912,8899,75413,Y,https://www.health.gov.au/sites/default/files/documents/2021/08/covid-19-vaccination-geographic-vaccination-rates-16-august-2021.pdf
2021-08-15,WA,511,Western Australia - Outback (South),15,999,34.4,17.8,31769,16439,92353,Y,https://www.health.gov.au/sites/default/files/documents/2021/08/covid-19-vaccination-geographic-vaccination-rates-16-august-2021.pdf
2021-08-15,OT,901,Other Territories,15,999,47.4,28.7,1832,1110,3866,Y,https://www.health.gov.au/sites/default/files/documents/2021/08/covid-19-vaccination-geographic-vaccination-rates-16-august-2021.pdf